Mutated Chain,Mutation,PremPLI,Interface?
A,I14A,0.76,Yes
A,I14C,0.54,Yes
A,I14D,1.11,Yes
A,I14E,1.15,Yes
A,I14F,0.82,Yes
A,I14G,0.93,Yes
A,I14H,0.71,Yes
A,I14K,1.15,Yes
A,I14L,0.83,Yes
A,I14M,0.86,Yes
A,I14N,1.14,Yes
A,I14P,0.78,Yes
A,I14Q,1.08,Yes
A,I14R,1.15,Yes
A,I14S,0.96,Yes
A,I14T,1.11,Yes
A,I14V,0.89,Yes
A,I14W,0.34,Yes
A,I14Y,0.85,Yes
A,C15A,0.08,Yes
A,C15D,0.39,Yes
A,C15E,0.27,Yes
A,C15F,0.05,Yes
A,C15G,0.26,Yes
A,C15H,0.29,Yes
A,C15I,0.11,Yes
A,C15K,0.43,Yes
A,C15L,0.1,Yes
A,C15M,0.28,Yes
A,C15N,0.17,Yes
A,C15P,0.29,Yes
A,C15Q,0.31,Yes
A,C15R,0.24,Yes
A,C15S,0.2,Yes
A,C15T,0.22,Yes
A,C15V,0.05,Yes
A,C15W,0.38,Yes
A,C15Y,0.25,Yes
A,A16C,0.38,Yes
A,A16D,1.0,Yes
A,A16E,0.96,Yes
A,A16F,0.9,Yes
A,A16G,0.73,Yes
A,A16H,0.65,Yes
A,A16I,0.97,Yes
A,A16K,1.06,Yes
A,A16L,1.02,Yes
A,A16M,0.99,Yes
A,A16N,1.11,Yes
A,A16P,0.98,Yes
A,A16Q,1.03,Yes
A,A16R,0.94,Yes
A,A16S,1.2,Yes
A,A16T,1.13,Yes
A,A16V,1.05,Yes
A,A16W,0.27,Yes
A,A16Y,0.73,Yes
A,L46A,0.81,Yes
A,L46C,None,No
A,L46D,None,No
A,L46E,None,No
A,L46F,None,No
A,L46G,None,No
A,L46H,None,No
A,L46I,None,No
A,L46K,None,No
A,L46M,None,No
A,L46N,None,No
A,L46P,None,No
A,L46Q,None,No
A,L46R,None,No
A,L46S,None,No
A,L46T,None,No
A,L46V,None,No
A,L46W,None,No
A,L46Y,None,No
A,D54A,None,No
A,D54C,None,No
A,D54E,None,No
A,D54F,None,No
A,D54G,None,No
A,D54H,None,No
A,D54I,None,No
A,D54K,None,No
A,D54L,None,No
A,D54M,None,No
A,D54N,None,No
A,D54P,None,No
A,D54Q,None,No
A,D54R,None,No
A,D54S,None,No
A,D54T,None,No
A,D54V,None,No
A,D54W,None,No
A,D54Y,None,No
A,M55A,None,No
A,M55C,None,No
A,M55D,None,No
A,M55E,None,No
A,M55F,None,No
A,M55G,None,No
A,M55H,None,No
A,M55I,None,No
A,M55K,None,No
A,M55L,None,No
A,M55N,None,No
A,M55P,None,No
A,M55Q,None,No
A,M55R,None,No
A,M55S,None,No
A,M55T,None,No
A,M55V,None,No
A,M55W,None,No
A,M55Y,None,No
A,F58A,None,No
A,F58C,None,No
A,F58D,None,No
A,F58E,None,No
A,F58G,None,No
A,F58H,None,No
A,F58I,None,No
A,F58K,None,No
A,F58L,None,No
A,F58M,None,No
A,F58N,None,No
A,F58P,None,No
A,F58Q,None,No
A,F58R,None,No
A,F58S,None,No
A,F58T,None,No
A,F58V,None,No
A,F58W,None,No
A,F58Y,None,No
A,M104A,None,No
A,M104C,None,No
A,M104D,None,No
A,M104E,None,No
A,M104F,None,No
A,M104G,None,No
A,M104H,None,No
A,M104I,None,No
A,M104K,None,No
A,M104L,None,No
A,M104N,None,No
A,M104P,None,No
A,M104Q,None,No
A,M104R,None,No
A,M104S,None,No
A,M104T,None,No
A,M104V,None,No
A,M104W,None,No
A,M104Y,None,No
A,S108A,None,No
A,S108C,None,No
A,S108D,None,No
A,S108E,None,No
A,S108F,None,No
A,S108G,None,No
A,S108H,None,No
A,S108I,None,No
A,S108K,None,No
A,S108L,None,No
A,S108M,None,No
A,S108N,None,No
A,S108P,None,No
A,S108Q,None,No
A,S108R,None,No
A,S108T,None,No
A,S108V,None,No
A,S108W,None,No
A,S108Y,None,No
A,W109A,None,No
A,W109C,None,No
A,W109D,None,No
A,W109E,None,No
A,W109F,None,No
A,W109G,None,No
A,W109H,None,No
A,W109I,None,No
A,W109K,None,No
A,W109L,None,No
A,W109M,None,No
A,W109N,None,No
A,W109P,None,No
A,W109Q,None,No
A,W109R,None,No
A,W109S,None,No
A,W109T,None,No
A,W109V,None,No
A,W109Y,None,No
A,S111A,None,No
A,S111C,None,No
A,S111D,None,No
A,S111E,None,No
A,S111F,None,No
A,S111G,None,No
A,S111H,None,No
A,S111I,None,No
A,S111K,None,No
A,S111L,None,No
A,S111M,None,No
A,S111N,None,No
A,S111P,None,No
A,S111Q,None,No
A,S111R,None,No
A,S111T,None,No
A,S111V,None,No
A,S111W,None,No
A,S111Y,None,No
A,I112A,None,No
A,I112C,None,No
A,I112D,None,No
A,I112E,None,No
A,I112F,None,No
A,I112G,None,No
A,I112H,None,No
A,I112K,None,No
A,I112L,None,No
A,I112M,None,No
A,I112N,None,No
A,I112P,None,No
A,I112Q,None,No
A,I112R,None,No
A,I112S,None,No
A,I112T,None,No
A,I112V,None,No
A,I112W,None,No
A,I112Y,None,No
A,L119A,None,No
A,L119C,None,No
A,L119D,None,No
A,L119E,None,No
A,L119F,None,No
A,L119G,None,No
A,L119H,None,No
A,L119I,None,No
A,L119K,None,No
A,L119M,None,No
A,L119N,None,No
A,L119P,None,No
A,L119Q,None,No
A,L119R,None,No
A,L119S,None,No
A,L119T,None,No
A,L119V,None,No
A,L119W,None,No
A,L119Y,None,No
A,I164A,None,No
A,I164C,None,No
A,I164D,None,No
A,I164E,None,No
A,I164F,None,No
A,I164G,None,No
A,I164H,None,No
A,I164K,None,No
A,I164L,None,No
A,I164M,None,No
A,I164N,None,No
A,I164P,None,No
A,I164Q,None,No
A,I164R,None,No
A,I164S,None,No
A,I164T,None,No
A,I164V,None,No
A,I164W,None,No
A,I164Y,None,No
A,G165A,None,No
A,G165C,None,No
A,G165D,None,No
A,G165E,None,No
A,G165F,None,No
A,G165H,None,No
A,G165I,None,No
A,G165K,None,No
A,G165L,None,No
A,G165M,None,No
A,G165N,None,No
A,G165P,None,No
A,G165Q,None,No
A,G165R,None,No
A,G165S,None,No
A,G165T,None,No
A,G165V,None,No
A,G165W,None,No
A,G165Y,None,No
A,Y170A,None,No
A,Y170C,None,No
A,Y170D,None,No
A,Y170E,None,No
A,Y170F,None,No
A,Y170G,None,No
A,Y170H,None,No
A,Y170I,None,No
A,Y170K,None,No
A,Y170L,None,No
A,Y170M,None,No
A,Y170N,None,No
A,Y170P,None,No
A,Y170Q,None,No
A,Y170R,None,No
A,Y170S,None,No
A,Y170T,None,No
A,Y170V,None,No
A,Y170W,None,No
A,T185A,None,No
A,T185C,None,No
A,T185D,None,No
A,T185E,None,No
A,T185F,None,No
A,T185G,None,No
A,T185H,None,No
A,T185I,None,No
A,T185K,None,No
A,T185L,None,No
A,T185M,None,No
A,T185N,None,No
A,T185P,None,No
A,T185Q,None,No
A,T185R,None,No
A,T185S,None,No
A,T185V,None,No
A,T185W,None,No
A,T185Y,None,No
